{
  "camera_type": "perspective",
  "render_height": 720,
  "render_width": 1280,
  "camera_path": [
    {
      "camera_to_world": [
        [1.0, 0.0, 0.0, 0.0],
        [0.0, 0.866, -0.5, 0.5],
        [0.0, 0.5, 0.866, 5.0],
        [0.0, 0.0, 0.0, 1.0]
      ],
      "fov": 50,
      "aspect": 1.777777777777778
    },
    {
      "camera_to_world": [
        [0.0, 0.0, 1.0, 0.0],
        [0.0, 0.866, -0.5, 0.5],
        [-1.0, 0.5, 0.0, 5.0],
        [0.0, 0.0, 0.0, 1.0]
      ],
      "fov": 50,
      "aspect": 1.777777777777778
    },
    {
      "camera_to_world": [
        [-1.0, 0.0, 0.0, 0.0],
        [0.0, 0.866, -0.5, 0.5],
        [0.0, 0.5, -1.0, 5.0],
        [0.0, 0.0, 0.0, 1.0]
      ],
      "fov": 50,
      "aspect": 1.777777777777778
    },
    {
      "camera_to_world": [
        [0.0, 0.0, -1.0, 0.0],
        [0.0, 0.866, -0.5, 0.5],
        [1.0, 0.5, 0.0, 5.0],
        [0.0, 0.0, 0.0, 1.0]
      ],
      "fov": 50,
      "aspect": 1.777777777777778
    }
  ],
  "fps": 30,
  "seconds": 10.0,
  "smoothness_value": 0.8,
  "is_cycle": true
}