{
    "transform": [
        [
            0.9926538467407227,
            0.12073870003223419,
            0.007779625244438648,
            -0.29806146025657654
        ],
        [
            0.007779625244438648,
            -0.12786294519901276,
            0.991761326789856,
            -0.29509440064430237
        ],
        [
            0.12073870003223419,
            -0.9844151735305786,
            -0.12786294519901276,
            -0.03886006772518158
        ]
    ],
    "scale": 0.17557828633277786
}